-- phpMyAdmin SQL Dump
-- version 4.0.10deb1
-- http://www.phpmyadmin.net
--
-- 主機: localhost
-- 建立日期: 2016 年 04 月 10 日 09:13
-- 伺服器版本: 5.5.47-0ubuntu0.14.04.1
-- PHP 版本: 5.5.9-1ubuntu4.14

SET SQL_MODE = "NO_AUTO_VALUE_ON_ZERO";
SET time_zone = "+00:00";


/*!40101 SET @OLD_CHARACTER_SET_CLIENT=@@CHARACTER_SET_CLIENT */;
/*!40101 SET @OLD_CHARACTER_SET_RESULTS=@@CHARACTER_SET_RESULTS */;
/*!40101 SET @OLD_COLLATION_CONNECTION=@@COLLATION_CONNECTION */;
/*!40101 SET NAMES utf8 */;

--
-- 資料庫: `order_system`
--

-- --------------------------------------------------------

--
-- 資料表結構 `image`
--

CREATE TABLE IF NOT EXISTS `image` (
  `im_id` int(4) NOT NULL AUTO_INCREMENT,
  `im_image` mediumblob NOT NULL,
  `pro_name` varchar(12) COLLATE utf8_unicode_ci NOT NULL,
  `res_name` varchar(12) COLLATE utf8_unicode_ci NOT NULL,
  PRIMARY KEY (`im_id`)
) ENGINE=InnoDB  DEFAULT CHARSET=utf8 COLLATE=utf8_unicode_ci AUTO_INCREMENT=2 ;

--
-- 資料表的匯出資料 `image`
--

INSERT INTO `image` (`im_id`, `im_image`, `pro_name`, `res_name`) VALUES
(1, '', 'abc', '');

-- --------------------------------------------------------

--
-- 資料表結構 `manager`
--

CREATE TABLE IF NOT EXISTS `manager` (
  `m_id` varchar(12) NOT NULL,
  `m_pw` varchar(12) NOT NULL,
  `res_name` varchar(12) NOT NULL,
  PRIMARY KEY (`m_id`)
) ENGINE=InnoDB DEFAULT CHARSET=utf8;

--
-- 資料表的匯出資料 `manager`
--

INSERT INTO `manager` (`m_id`, `m_pw`, `res_name`) VALUES
('chuanting', 'abc123', 'chuanting'),
('db', 'abc123', 'db'),
('hauchang', 'abc123', 'hauchang'),
('res1', 'abc123', 'res1'),
('res2', 'abc123', 'res2'),
('res3', 'abc123', 'res3'),
('res4', 'abc123', 'res4'),
('res5', 'abc123', 'res5');

-- --------------------------------------------------------

--
-- 資料表結構 `orders`
--

CREATE TABLE IF NOT EXISTS `orders` (
  `o_id` int(11) NOT NULL,
  `u_id` varchar(16) CHARACTER SET utf8 NOT NULL,
  `o_time` varchar(22) CHARACTER SET utf8 NOT NULL,
  `o_stat` varchar(8) CHARACTER SET utf8 NOT NULL,
  `o_id_n` varchar(16) CHARACTER SET utf8 NOT NULL,
  `o_getway` varchar(40) CHARACTER SET utf8 NOT NULL,
  PRIMARY KEY (`o_id_n`)
) ENGINE=InnoDB DEFAULT CHARSET=utf8 COLLATE=utf8_unicode_ci;

--
-- 資料表的匯出資料 `orders`
--

INSERT INTO `orders` (`o_id`, `u_id`, `o_time`, `o_stat`, `o_id_n`, `o_getway`) VALUES
(100, 'ert', '2016-04-10 16:57:24', '未完成', 'A0000100', '外送，地址：高雄大學路700號'),
(101, 'ert', '2016-04-10 17:08:10', '未完成', 'A0000101', '外送，地址：'),
(61, 'abc123', '2016-04-08 01:55:10', '未完成', 'A000061', '自取'),
(62, 'abc123', '2016-04-08 01:56:11', '取餐完成', 'A000062', '自取'),
(64, 'abc123', '2016-04-08 14:43:17', '未完成', 'A000064', '自取'),
(65, 'abc123', '2016-04-08 17:37:54', '未完成', 'A000065', '自取'),
(66, '123456789', '2016-04-08 22:53:53', '未完成', 'A000066', '自取'),
(67, '123456789', '2016-04-08 23:13:17', '未完成', 'A000067', '自取'),
(68, 'abc123', '2016-04-08 23:24:14', '未完成', 'A000068', '自取'),
(69, 'bvc234', '2016-04-09 00:04:14', '未完成', 'A000069', '自取'),
(70, 'abc123', '2016-04-09 09:06:42', '未完成', 'A000070', '自取'),
(72, 'abc123', '2016-04-09 09:58:25', '未完成', 'A000072', '自取'),
(74, 'bvc234', '2016-04-09 10:04:20', '未完成', 'A000074', '自取'),
(76, 'bvc234', '2016-04-09 13:44:08', '未完成', 'A000076', '自取'),
(77, 'abc123', '2016-04-09 20:34:11', '未完成', 'A000077', '自取'),
(80, '1', '2016-04-09 22:30:00', '未完成', 'A000080', '自取'),
(81, 'abc123', '2016-04-10 08:33:43', '未完成', 'A000081', '自取'),
(82, '1', '2016-04-10 11:31:00', '未完成', 'A000082', '自取'),
(83, 'abc123', '2016-04-10 15:15:02', '未完成', 'A000083', '自取'),
(88, 'abc123', '2016-04-10 15:41:46', '未完成', 'A000088', '自取'),
(89, 'abc123', '2016-04-10 15:48:11', '未完成', 'A000089', '自取'),
(90, 'abc123', '2016-04-10 15:56:52', '未完成', 'A000090', '自取'),
(91, 'abc123', '2016-04-10 16:13:14', '未完成', 'A000091', '自取'),
(92, 'abc123', '2016-04-10 16:19:22', '未完成', 'A000092', '自取'),
(93, 'bvc234', '2016-04-10 16:24:22', '未完成', 'A000093', '外送，地址：高雄大學路700號'),
(95, 'abc123', '2016-04-10 16:37:35', '未完成', 'A000095', '自取'),
(96, 'ert', '2016-04-10 16:38:54', '未完成', 'A000096', '自取'),
(44, 'abc123', '2016-04-06 15:32:14', '取餐完成', 'B000044', ''),
(45, 'abc123', '2016-04-06 15:32:53', '取餐完成', 'B000045', ''),
(48, 'abc123', '2016-04-08 00:39:00', '取餐完成', 'B000048', ''),
(49, 'abc123', '2016-04-08 00:39:16', '取餐完成', 'B000049', ''),
(50, 'abc123', '2016-04-08 00:41:10', '取餐完成', 'B000050', ''),
(53, 'abc123', '2016-04-08 00:47:45', '取餐完成', 'B000053', ''),
(57, 'abc123', '2016-04-08 01:34:12', '取餐完成', 'B000057', 'byself'),
(58, 'abc123', '2016-04-08 01:35:14', '取餐完成', 'B000058', '?ۨ?'),
(59, 'abc123', '2016-04-08 01:37:38', '取餐完成', 'B000059', '自取'),
(61, 'abc123', '2016-04-08 01:55:10', '未完成', 'B000061', '自取'),
(63, 'abc123', '2016-04-08 14:01:31', '未完成', 'B000063', '自取'),
(64, 'abc123', '2016-04-08 14:43:17', '取餐完成', 'B000064', '自取'),
(67, '123456789', '2016-04-08 23:13:17', '未完成', 'B000067', '自取'),
(78, 'bvc234', '2016-04-09 22:06:29', '未完成', 'B000078', '外送，地址：Abc'),
(81, 'abc123', '2016-04-10 08:33:43', '未完成', 'B000081', '自取'),
(91, 'abc123', '2016-04-10 16:13:14', '取餐完成', 'B000091', '自取'),
(44, 'abc123', '2016-04-06 15:32:14', '取餐完成', 'C000044', ''),
(45, 'abc123', '2016-04-06 15:32:53', '取餐完成', 'C000045', ''),
(46, 'abc123', '2016-04-08 00:25:03', '取餐完成', 'C000046', ''),
(61, 'abc123', '2016-04-08 01:55:10', '未完成', 'C000061', '自取'),
(64, 'abc123', '2016-04-08 14:43:17', '未完成', 'C000064', '自取'),
(84, 'abc123', '2016-04-10 15:15:25', '未完成', 'C000084', '自取'),
(85, 'abc123', '2016-04-10 15:18:33', '未完成', 'C000085', '自取'),
(86, 'abc123', '2016-04-10 15:26:23', '未完成', 'C000086', '自取'),
(87, 'abc123', '2016-04-10 15:31:17', '未完成', 'C000087', '自取'),
(94, 'abc123', '2016-04-10 16:27:27', '未完成', 'C000094', '自取'),
(99, 'abc123', '2016-04-10 16:42:17', '未完成', 'C000099', '自取'),
(45, 'abc123', '2016-04-06 15:32:53', '取餐完成', 'D000045', ''),
(51, 'abc123', '2016-04-08 00:42:29', '取餐完成', 'D000051', ''),
(56, 'abc123', '2016-04-08 01:32:01', '取餐完成', 'D000056', '?????j?Ǹ?700??'),
(60, 'abc123', '2016-04-08 01:38:04', '取餐完成', 'D000060', '外送，地址：高雄大學路700號'),
(61, 'abc123', '2016-04-08 01:55:10', '未完成', 'D000061', '自取'),
(71, 'abc123', '2016-04-09 09:14:43', '未完成', 'D000071', '自取'),
(74, 'bvc234', '2016-04-09 10:04:20', '未完成', 'D000074', '自取'),
(75, 'bvc234', '2016-04-09 10:05:26', '未完成', 'D000075', '自取'),
(79, 'bvc234', '2016-04-09 22:07:08', '未完成', 'D000079', '自取'),
(83, 'abc123', '2016-04-10 15:15:02', '未完成', 'D000083', '自取'),
(47, 'abc123', '2016-04-08 00:37:30', '取餐完成', 'E000047', ''),
(52, 'abc123', '2016-04-08 00:43:22', '取餐完成', 'E000052', ''),
(61, 'abc123', '2016-04-08 01:55:10', '未完成', 'E000061', '自取'),
(69, 'bvc234', '2016-04-09 00:04:14', '未完成', 'E000069', '自取'),
(76, 'bvc234', '2016-04-09 13:44:08', '未完成', 'E000076', '自取'),
(84, 'abc123', '2016-04-10 15:15:25', '未完成', 'E000084', '自取'),
(91, 'abc123', '2016-04-10 16:13:14', '未完成', 'E000091', '自取'),
(96, 'ert', '2016-04-10 16:38:54', '未完成', 'E000096', '自取'),
(50, 'abc123', '2016-04-08 00:41:10', '取餐完成', 'F000050', ''),
(58, 'abc123', '2016-04-08 01:35:14', '取餐完成', 'F000058', '?ۨ?'),
(60, 'abc123', '2016-04-08 01:38:04', '取餐完成', 'F000060', '外送，地址：高雄大學路700號'),
(61, 'abc123', '2016-04-08 01:55:10', '取餐完成', 'F000061', '自取'),
(73, 'abc123', '2016-04-09 10:00:59', '未完成', 'F000073', '自取'),
(78, 'bvc234', '2016-04-09 22:06:29', '未完成', 'F000078', '外送，地址：Abc'),
(89, 'abc123', '2016-04-10 15:48:11', '未完成', 'F000089', '自取'),
(93, 'bvc234', '2016-04-10 16:24:22', '取餐完成', 'F000093', '外送，地址：高雄大學路700號'),
(100, 'ert', '2016-04-10 16:57:24', '未完成', 'G0000100', '外送，地址：高雄大學路700號'),
(44, 'abc123', '2016-04-06 15:32:14', '取餐完成', 'G000044', ''),
(45, 'abc123', '2016-04-06 15:32:53', '取餐完成', 'G000045', ''),
(61, 'abc123', '2016-04-08 01:55:10', '未完成', 'G000061', '自取'),
(81, 'abc123', '2016-04-10 08:33:43', '未完成', 'G000081', '自取'),
(93, 'bvc234', '2016-04-10 16:24:22', '未完成', 'G000093', '外送，地址：高雄大學路700號'),
(44, 'abc123', '2016-04-06 15:32:14', '取餐完成', 'H000044', ''),
(61, 'abc123', '2016-04-08 01:55:10', '未完成', 'H000061', '自取'),
(94, 'abc123', '2016-04-10 16:27:27', '未完成', 'H000094', '自取');

-- --------------------------------------------------------

--
-- 資料表結構 `order_detail`
--

CREATE TABLE IF NOT EXISTS `order_detail` (
  `od_id` int(11) NOT NULL AUTO_INCREMENT,
  `pro_name` varchar(10) NOT NULL,
  `res_name` varchar(10) NOT NULL,
  `o_num` int(4) NOT NULL,
  `o_persum` int(11) NOT NULL,
  `o_id` int(11) NOT NULL,
  `u_id` varchar(16) NOT NULL,
  `o_id_n` varchar(16) NOT NULL,
  PRIMARY KEY (`od_id`)
) ENGINE=InnoDB  DEFAULT CHARSET=utf8 AUTO_INCREMENT=183 ;

--
-- 資料表的匯出資料 `order_detail`
--

INSERT INTO `order_detail` (`od_id`, `pro_name`, `res_name`, `o_num`, `o_persum`, `o_id`, `u_id`, `o_id_n`) VALUES
(27, '紫菜湯', 'hauchang', 1, 10, 11, '', ''),
(28, '蛋花湯', 'db', 1, 30, 12, '', ''),
(29, '蛋花湯', 'db', 1, 30, 13, '', ''),
(30, '紫菜湯', 'hauchang', 1, 10, 14, '', ''),
(31, '牛肉麵', 'chuantin', 1, 80, 15, '', ''),
(32, '紫菜湯', 'hauchang', 1, 10, 16, '', ''),
(33, '牛肉麵', 'chuantin', 1, 80, 17, '', ''),
(34, '蛋花湯', 'db', 1, 30, 18, '', ''),
(35, '蛋花湯', 'db', 1, 30, 19, '', ''),
(36, '蛋花湯', 'db', 1, 30, 20, '', ''),
(37, '牛肉麵', 'chuantin', 1, 80, 21, '', ''),
(38, '排骨飯', 'hauchang', 1, 60, 22, '', ''),
(39, '排骨飯', 'hauchang', 1, 60, 23, '', ''),
(40, '排骨飯', 'hauchang', 1, 60, 24, '', ''),
(41, '蛋花湯', 'db', 1, 30, 25, '', ''),
(42, '牛肉麵', 'chuantin', 1, 80, 26, '', ''),
(43, '紫菜湯', 'hauchang', 1, 10, 27, '', ''),
(44, '牛肉麵', 'chuantin', 1, 80, 28, 'abc123', ''),
(45, '紫菜湯', 'hauchang', 1, 10, 28, 'abc123', ''),
(46, '紫菜湯', 'hauchang', 1, 10, 29, 'abc123', ''),
(47, '排骨飯', 'hauchang', 1, 60, 29, 'abc123', ''),
(48, '排骨飯', 'hauchang', 4, 240, 30, 'abc123', ''),
(49, '紫菜湯', 'hauchang', 1, 10, 30, 'abc123', ''),
(52, '肉燥飯', 'db', 1, 20, 32, 'abc123', '未完成'),
(53, '雞排飯', 'hauchang', 1, 60, 32, 'abc123', '未完成'),
(58, '香菇麵', 'chuantin', 1, 40, 35, 'abc123', 'B000035'),
(59, '麵體', 'res2', 1, 10, 36, 'abc123', 'E000036'),
(60, '肉燥飯', 'db', 1, 20, 36, 'abc123', 'C000036'),
(61, '排骨飯', 'hauchang', 1, 60, 36, 'abc123', 'A000036'),
(62, '牛肉麵', 'chuantin', 1, 80, 37, 'abc123', 'B000037'),
(63, '海綿姥姥', 'res1', 1, 20, 37, 'abc123', 'D000037'),
(64, '冷湯', 'res4', 1, 30, 37, 'abc123', 'G000037'),
(65, '香菇麵', 'chuantin', 1, 40, 38, 'abc123', 'B000038'),
(66, '蛋花湯', 'db', 1, 0, 39, 'abc123', 'C000039'),
(67, '海綿寶寶', 'res1', 1, 20, 40, 'abc123', 'D000040'),
(68, '紫米飯', 'res4', 1, 20, 40, 'abc123', 'G000040'),
(69, '肉燥飯', 'db', 1, 20, 41, 'abc123', 'C000041'),
(70, '冷湯', 'res4', 1, 30, 41, 'abc123', 'G000041'),
(71, '排骨飯', 'hauchang', 1, 60, 41, 'abc123', 'A000041'),
(72, '麵體', 'res2', 1, 10, 42, 'abc123', 'E000042'),
(73, '排骨飯', 'hauchang', 1, 60, 42, 'abc123', 'A000042'),
(74, '排骨飯', 'hauchang', 1, 60, 43, 'abc123', 'A000043'),
(75, '白木耳湯', 'res2', 5, 250, 43, 'abc123', 'E000043'),
(76, '銷魂', 'res5', 2, 60, 44, 'abc123', 'H000044'),
(77, '焗烤飯', 'res5', 1, 60, 44, 'abc123', 'H000044'),
(78, '冷湯', 'res4', 1, 30, 44, 'abc123', 'G000044'),
(79, '白木耳湯', 'res2', 1, 50, 44, 'abc123', 'E000044'),
(80, '蛋花湯', 'db', 1, 0, 44, 'abc123', 'C000044'),
(81, '香菇麵', 'chuantin', 1, 40, 44, 'abc123', 'B000044'),
(82, '義大利麵', 'res3', 2, 140, 45, 'abc123', 'F000045'),
(83, '海綿寶寶', 'res1', 4, 80, 45, 'abc123', 'D000045'),
(84, '蛋花湯', 'db', 1, 0, 45, 'abc123', 'C000045'),
(85, '乾麵', 'chuantin', 3, 120, 45, 'abc123', 'B000045'),
(86, '紫米飯', 'res4', 1, 20, 45, 'abc123', 'G000045'),
(87, '肉燥飯', 'db', 1, 20, 46, 'abc123', 'C000046'),
(88, '排骨飯', 'hauchang', 100, 6000, 47, 'abc123', 'A000047'),
(89, '麵體', 'res2', 1, 10, 47, 'abc123', 'E000047'),
(90, '牛肉麵', 'chuantin', 1, 80, 48, 'abc123', 'B000048'),
(91, '香菇麵', 'chuantin', 1, 40, 49, 'abc123', 'B000049'),
(92, '牛肉麵', 'chuantin', 1, 80, 50, 'abc123', 'B000050'),
(93, '濃湯', 'res3', 1, 30, 50, 'abc123', 'F000050'),
(94, '海綿寶寶', 'res1', 1, 20, 51, 'abc123', 'D000051'),
(95, '白木耳湯', 'res2', 1, 50, 52, 'abc123', 'E000052'),
(96, '牛肉麵', 'chuantin', 1, 80, 53, 'abc123', 'B000053'),
(97, '排骨飯', 'hauchang', 1, 60, 54, 'abc123', 'A000054'),
(98, '排骨飯', 'hauchang', 1, 60, 55, 'abc123', 'A000055'),
(99, '海綿寶寶', 'res1', 1, 20, 56, 'abc123', 'D000056'),
(100, '海綿姥姥', 'res1', 1, 20, 56, 'abc123', 'D000056'),
(101, '牛肉麵', 'chuantin', 1, 80, 57, 'abc123', 'B000057'),
(102, '牛肉麵', 'chuantin', 1, 80, 58, 'abc123', 'B000058'),
(103, '濃湯', 'res3', 1, 30, 58, 'abc123', 'F000058'),
(104, '牛肉麵', 'chuantin', 1, 80, 59, 'abc123', 'B000059'),
(105, '排骨飯', 'hauchang', 1, 60, 59, 'abc123', 'A000059'),
(106, '海綿寶寶', 'res1', 1, 20, 60, 'abc123', 'D000060'),
(107, '義大利麵', 'res3', 1, 70, 60, 'abc123', 'F000060'),
(108, '排骨飯', 'hauchang', 2, 120, 61, 'abc123', 'A000061'),
(109, '紫菜湯', 'hauchang', 1, 10, 61, 'abc123', 'A000061'),
(110, '蛋花湯', 'db', 1, 0, 61, 'abc123', 'C000061'),
(111, '牛肉麵', 'chuantin', 1, 80, 61, 'abc123', 'B000061'),
(112, '海綿寶寶', 'res1', 1, 20, 61, 'abc123', 'D000061'),
(113, '麵體', 'res2', 1, 10, 61, 'abc123', 'E000061'),
(114, '濃湯', 'res3', 1, 30, 61, 'abc123', 'F000061'),
(115, '義大利麵', 'res3', 1, 70, 61, 'abc123', 'F000061'),
(116, '冷湯', 'res4', 1, 30, 61, 'abc123', 'G000061'),
(117, '焗烤飯', 'res5', 1, 60, 61, 'abc123', 'H000061'),
(118, '排骨飯', 'hauchang', 1, 60, 62, 'abc123', 'A000062'),
(119, '雞排飯', 'hauchang', 1, 60, 62, 'abc123', 'A000062'),
(120, '牛肉麵', 'chuanting', 1, 80, 63, 'abc123', 'B000063'),
(121, '香菇麵', 'chuanting', 2, 80, 63, 'abc123', 'B000063'),
(122, '排骨飯', 'hauchang', 2, 120, 64, 'abc123', 'A000064'),
(123, '蛋花湯', 'db', 1, 0, 64, 'abc123', 'C000064'),
(124, '肉燥飯', 'db', 1, 20, 64, 'abc123', 'C000064'),
(125, '牛肉麵', 'chuanting', 1, 80, 64, 'abc123', 'B000064'),
(126, '義大利麵', 'res3', 1, 70, 64, 'abc123', 'F000064'),
(127, '排骨飯', 'hauchang', 1, 60, 65, 'abc123', 'A000065'),
(128, '排骨飯', 'hauchang', 1, 60, 66, '123456789', 'A000066'),
(129, '牛肉麵', 'chuanting', 1, 80, 67, '123456789', 'B000067'),
(130, '雞排飯', 'hauchang', 1, 60, 67, '123456789', 'A000067'),
(131, '排骨飯', 'hauchang', 1, 60, 68, 'abc123', 'A000068'),
(132, '排骨飯', 'hauchang', 1, 60, 69, 'bvc234', 'A000069'),
(133, '麵體', 'res2', 1, 10, 69, 'bvc234', 'E000069'),
(134, '排骨飯', 'hauchang', 1, 60, 70, 'abc123', 'A000070'),
(135, '海綿寶寶', 'res1', 1, 20, 71, 'abc123', 'D000071'),
(136, '雞排飯', 'hauchang', 1, 60, 72, 'abc123', 'A000072'),
(137, '義大利麵', 'res3', 1, 70, 73, 'abc123', 'F000073'),
(138, '排骨飯', 'hauchang', 1, 60, 74, 'bvc234', 'A000074'),
(139, '海綿寶寶', 'res1', 1, 20, 74, 'bvc234', 'D000074'),
(140, '海綿寶寶', 'res1', 1, 20, 75, 'bvc234', 'D000075'),
(141, '排骨飯', 'hauchang', 1, 60, 76, 'bvc234', 'A000076'),
(142, '白木耳湯', 'res2', 1, 50, 76, 'bvc234', 'E000076'),
(143, '排骨飯', 'hauchang', 1, 60, 77, 'abc123', 'A000077'),
(144, '濃湯', 'res3', 3, 90, 78, 'bvc234', 'F000078'),
(145, '香菇麵', 'chuanting', 1, 40, 78, 'bvc234', 'B000078'),
(146, '海綿姥姥', 'res1', 1, 20, 79, 'bvc234', 'D000079'),
(147, '排骨飯', 'hauchang', 1, 60, 80, '1', 'A000080'),
(148, '雞排飯', 'hauchang', 1, 60, 81, 'abc123', 'A000081'),
(149, '牛肉麵', 'chuanting', 1, 80, 81, 'abc123', 'B000081'),
(150, '冷湯', 'res4', 1, 30, 81, 'abc123', 'G000081'),
(151, '排骨飯', 'hauchang', 1, 60, 82, '1', 'A000082'),
(152, '排骨飯', 'hauchang', 4, 240, 83, 'abc123', 'A000083'),
(153, '海綿寶寶', 'res1', 2, 40, 83, 'abc123', 'D000083'),
(154, '肉燥飯', 'db', 1, 20, 84, 'abc123', 'C000084'),
(155, '麵體', 'res2', 1, 10, 84, 'abc123', 'E000084'),
(156, '肉燥飯', 'db', 4, 80, 85, 'abc123', 'C000085'),
(157, '蛋花湯', 'db', 1, 0, 86, 'abc123', 'C000086'),
(158, '肉燥飯', 'db', 1, 20, 87, 'abc123', 'C000087'),
(159, '雞排飯', 'hauchang', 11, 660, 88, 'abc123', 'A000088'),
(160, '排骨飯', 'hauchang', 1, 60, 89, 'abc123', 'A000089'),
(161, '義大利麵', 'res3', 1, 70, 89, 'abc123', 'F000089'),
(162, '排骨飯', 'hauchang', 3, 180, 90, 'abc123', 'A000090'),
(163, '牛肉麵', 'chuanting', 1, 80, 91, 'abc123', 'B000091'),
(164, '排骨飯', 'hauchang', 1, 60, 91, 'abc123', 'A000091'),
(165, '白木耳湯', 'res2', 1, 50, 91, 'abc123', 'E000091'),
(166, '雞排飯', 'hauchang', 1, 60, 92, 'abc123', 'A000092'),
(167, '排骨飯', 'hauchang', 1, 60, 93, 'bvc234', 'A000093'),
(168, '義大利麵', 'res3', 1, 70, 93, 'bvc234', 'F000093'),
(169, '紫米飯', 'res4', 1, 20, 93, 'bvc234', 'G000093'),
(170, '肉燥飯', 'db', 1, 20, 94, 'abc123', 'C000094'),
(171, '蛋花湯', 'db', 1, 0, 94, 'abc123', 'C000094'),
(172, '銷魂', 'res5', 1, 30, 94, 'abc123', 'H000094'),
(173, '排骨飯', 'hauchang', 1, 60, 95, 'abc123', 'A000095'),
(174, '排骨飯', 'hauchang', 1, 60, 96, 'ert', 'A000096'),
(175, '麵體', 'res2', 1, 10, 96, 'ert', 'E000096'),
(176, '義大利麵', 'res3', 1, 70, 97, 'ert', 'F000097'),
(177, '濃湯', 'res3', 1, 30, 98, 'abc123', 'F000098'),
(178, '蛋花湯', 'db', 1, 0, 99, 'abc123', 'C000099'),
(179, '排骨飯', 'hauchang', 1, 60, 100, 'ert', 'A0000100'),
(180, '紫菜湯', 'hauchang', 1, 10, 100, 'ert', 'A0000100'),
(181, '冷湯', 'res4', 1, 30, 100, 'ert', 'G0000100'),
(182, '排骨飯', 'hauchang', 2, 120, 101, 'ert', 'A0000101');

-- --------------------------------------------------------

--
-- 資料表結構 `product`
--

CREATE TABLE IF NOT EXISTS `product` (
  `pro_id` int(11) NOT NULL AUTO_INCREMENT,
  `pro_name` varchar(11) CHARACTER SET utf8 NOT NULL,
  `pro_price` varchar(11) CHARACTER SET utf8 NOT NULL,
  `res_name` varchar(11) CHARACTER SET utf8 NOT NULL,
  `type_name` varchar(11) CHARACTER SET utf8 NOT NULL,
  `pro_path` varchar(32) CHARACTER SET utf8 NOT NULL,
  PRIMARY KEY (`pro_id`)
) ENGINE=InnoDB  DEFAULT CHARSET=utf8 COLLATE=utf8_unicode_ci AUTO_INCREMENT=44 ;

--
-- 資料表的匯出資料 `product`
--

INSERT INTO `product` (`pro_id`, `pro_name`, `pro_price`, `res_name`, `type_name`, `pro_path`) VALUES
(1, '蛋花湯', '0', 'db', '30', 'menuinfo/db/蛋花湯.png'),
(2, '牛肉麵', '80', 'chuanting', '麵', 'menuinfo/chuanting/牛肉麵.jpg'),
(5, 'abc', '3', 'res', 'a', 'b'),
(14, '排骨飯', '60', 'hauchang', '飯', 'menuinfo/hauchang/排骨飯.jpg'),
(15, '雞排飯', '60', 'hauchang', '飯', 'menuinfo/hauchang/雞排飯.jpg'),
(16, '紫菜湯', '10', 'hauchang', '湯', 'menuinfo/hauchang/紫菜湯.jpg'),
(19, '肉燥飯', '20', 'db', '飯', 'menuinfo/db/肉燥飯.jpg'),
(20, '泡麵', '40', 'db', '麵', 'menuinfo/db/泡麵.jpg'),
(21, '海綿寶寶', '20', 'res1', '麵', 'menuinfo/res1/海綿寶寶.jpg'),
(22, '海綿姥姥', '20', 'res1', '飯', 'menuinfo/res1/海綿姥姥.jpg'),
(23, '麵體', '10', 'res2', '麵', 'menuinfo/res2/麵體.jpg'),
(25, '白木耳湯', '50', 'res2', '湯', 'menuinfo/res2/白木耳湯.jpg'),
(26, '很好吃的飯', '50', 'res2', '飯', 'menuinfo/res2/很好吃的飯.jpg'),
(27, '濃湯', '30', 'res3', '湯', 'menuinfo/res3/濃湯.jpg'),
(28, '義大利麵', '70', 'res3', '麵', 'menuinfo/res3/義大利麵.jpg'),
(29, '冷湯', '30', 'res4', '湯', 'menuinfo/res4/冷湯.jpg'),
(30, '紫米飯', '20', 'res4', '飯', 'menuinfo/res4/紫米飯.jpg'),
(31, '烏龍麵', '50', 'res4', '麵', 'menuinfo/res4/烏龍麵.jpg'),
(32, '銷魂', '30', 'res5', '飯', 'menuinfo/res5/銷魂.jpg'),
(33, '焗烤飯', '60', 'res5', '飯', 'menuinfo/res5/焗烤飯.jpg'),
(34, '砸飯', '30', 'res5', '飯', 'menuinfo/res5/砸飯.jpg'),
(36, '乾麵', '40', 'chuanting', '麵', 'menuinfo/chuanting/乾麵.jpg'),
(37, '雞腿飯', '60', 'db', '飯', 'menuinfo/db/雞腿飯.jpg'),
(40, 'Banana', '12', 'res2', '飯', 'menuinfo/res2/Banana.jpg');

-- --------------------------------------------------------

--
-- 資料表結構 `product_type`
--

CREATE TABLE IF NOT EXISTS `product_type` (
  `type_id` int(4) NOT NULL AUTO_INCREMENT,
  `type_name` varchar(8) COLLATE utf8_unicode_ci NOT NULL,
  PRIMARY KEY (`type_id`)
) ENGINE=InnoDB  DEFAULT CHARSET=utf8 COLLATE=utf8_unicode_ci AUTO_INCREMENT=4 ;

--
-- 資料表的匯出資料 `product_type`
--

INSERT INTO `product_type` (`type_id`, `type_name`) VALUES
(1, 'rice'),
(2, 'noodle'),
(3, 'soup');

-- --------------------------------------------------------

--
-- 資料表結構 `restaurant`
--

CREATE TABLE IF NOT EXISTS `restaurant` (
  `res_id` int(4) NOT NULL AUTO_INCREMENT,
  `res_name` varchar(32) COLLATE utf8_unicode_ci NOT NULL,
  `res_phone` varchar(12) COLLATE utf8_unicode_ci NOT NULL,
  `manager_id` varchar(16) COLLATE utf8_unicode_ci NOT NULL,
  PRIMARY KEY (`res_id`)
) ENGINE=InnoDB  DEFAULT CHARSET=utf8 COLLATE=utf8_unicode_ci AUTO_INCREMENT=7 ;

--
-- 資料表的匯出資料 `restaurant`
--

INSERT INTO `restaurant` (`res_id`, `res_name`, `res_phone`, `manager_id`) VALUES
(1, '後倉', '07-1234567', 'hauchang'),
(2, '孜記', '07-2234567', 'zhichi'),
(3, '穿停', '07-3234567', 'chuanting'),
(4, '低逼', '07-4234567', 'arbao'),
(5, '4', '4', '4'),
(6, '5', '5', '5');

-- --------------------------------------------------------

--
-- 資料表結構 `user`
--

CREATE TABLE IF NOT EXISTS `user` (
  `u_id` varchar(16) NOT NULL,
  `u_pw` varchar(20) NOT NULL,
  `u_name` varchar(20) NOT NULL,
  `u_gender` varchar(2) NOT NULL,
  `u_birth` varchar(12) NOT NULL,
  `u_phone` varchar(12) NOT NULL,
  `u_cphone` varchar(10) NOT NULL,
  `u_address` varchar(48) NOT NULL,
  PRIMARY KEY (`u_id`)
) ENGINE=InnoDB DEFAULT CHARSET=utf8;

--
-- 資料表的匯出資料 `user`
--

INSERT INTO `user` (`u_id`, `u_pw`, `u_name`, `u_gender`, `u_birth`, `u_phone`, `u_cphone`, `u_address`) VALUES
('1', '1', '1', '', '', '', '', ''),
('123456789', '123456789', '123456789', '', '', '', '', ''),
('5165', '5416565', '65651', 'ma', '', '', '', ''),
('abc123', 'abc321', '小新', 'ma', '2016-04-05', '061234567', '0987565462', '春日部'),
('bvc234', 'hdj123', '妮妮', 'fe', '2016-04-05', '031234597', '0987465322', '春日部'),
('ert', 'ert', 'ertert', 'fe', '', '', '', ''),
('gg555', 'hj123', '正男', 'ma', '2016-04-20', '080561231', '0982131232', '春日部'),
('jhf32423', 'fhfr3342', '阿呆', 'ma', '2016-04-24', '036568656', '0986456451', '春日部'),
('zxc123', 'abc123', '宜瑩', 'fe', '1995-11-23', '053698745', '0912345678', '23456789'),
('zz222', 'zz333', '風間', 'ma', '2016-04-05', '064648655', '5464456456', '春日部');

/*!40101 SET CHARACTER_SET_CLIENT=@OLD_CHARACTER_SET_CLIENT */;
/*!40101 SET CHARACTER_SET_RESULTS=@OLD_CHARACTER_SET_RESULTS */;
/*!40101 SET COLLATION_CONNECTION=@OLD_COLLATION_CONNECTION */;
